Trial, Type, Accuracy, ARS, Purity0, Purity1, Purity2, Purity3, Purity4, Purity5, Purity6, Purity7, Purity8, Purity9
0, Training, 0.16666666666666666, 0.3477322089426249, 0.46056014071167634, 0.27735368956743, 0.4860198428037624, 0.5962110364577596, 0.7157012195121951, 0.37388230401330835, 0.953198127925117, 0.9387755102040817, 0.6928504233301975, 0.9008795669824087
1, Training, 0.14861666666666667, 0.34789678595173745, 0.27739083846772034, 0.9386189258312021, 0.6970896391152502, 0.5962110364577596, 0.37388230401330835, 0.46056014071167634, 0.7156773211567732, 0.900792283844299, 0.4861522607239469, 0.9532892175943947
2, Training, 0.15043333333333334, 0.3479808626169062, 0.27725689793731584, 0.46056014071167634, 0.3738434348684894, 0.48628461043142307, 0.596276712932364, 0.9386450788240307, 0.7157414448669202, 0.9532892175943947, 0.9013112491373361, 0.6980428704566636
3, Training, 0.09798333333333334, 0.3476012083428552, 0.27783740273678564, 0.9389830508474576, 0.7161438408569243, 0.46047644829453166, 0.6873385012919897, 0.3739989599583983, 0.9015405224380442, 0.5960140938119357, 0.9524180967238689, 0.48524294367830906
3, Testing, 0.0958, 0.34895884813551875, 0.27773467804499613, 0.9192708333333334, 0.7295539033457249, 0.46513470681458, 0.6910785619174434, 0.3877551020408163, 0.8980891719745223, 0.6050305914343984, 0.955503512880562, 0.5191693290734825